女葛论妻,14735316123,130523196211012481,6214839825877233
女冯许著,13190509191,450103199408111943,6214836453842967
女时联须,17676318874,130629198112082445,6214835214668350
女梁虽通,15016963773,412721196204132985,6214839175098475
女米许端,14921816863,44080319530709170X,6214835792684890
女鲁联最,17236561439,410302195501291167,6214837472767315
女吕南片,18267602462,610725199609191223,6214837016819024
女康责步,18516789269,360724197601261242,6214833208258850
女成板木,17626926425,460028196505111726,6214838809897275
女朱音肯,15151498457,532322195307052108,6214839797850763
女金骨马,13763662541,42062519650131264X,6214835084918037
女昌了层,18299530466,232326197610072789,6214837764007488
女孔基让,14974676048,420901197607262206,6214830255272175
女舒笑状,14724525362,321027197505151267,6214830743300747
女时增江,13250337919,371002195607142209,6214833831873015
女薛居六,17276717602,421003195903152585,6214836735904787
女祁把先,18523869273,421003195808172625,6214838667651741
女孔腿恩,18921448088,642224199012181465,6214831892459685
女谢取紧,13698838982,430203199205011186,6214830402635689
女马格四,13248767206,350321199203142025,6214833612854189
